"country","total_emissions"
"World","489152.3169555664"
"China","81048.37158584595"
"United States","48604.877296447754"
"Russia","42432.92980384827"
"India","34852.00738620758"
"Brazil","21720.838126420975"
"Indonesia","19404.46899986267"
"European Union","18985.173461437225"
"Other","15997.35717530927"
"Iran","13030.685366243124"
